selection_strategy,checkers,ALL, HALF, 1,
BEST 3,3,0.3999997015547145,0.48798325889699395,0.48798325889699395,
BEST 30,30,0.0,0.5537079849067438,0.17694267387181797,
BEST 10,10,0.0,0.749243776047973,0.289066789289032,
0.9,0,NaN,NaN,NaN,
FILTERED 10,10,0.0,0.7666332308577196,0.31096082289434074,
