selection_strategy,checkers,ALL, HALF, 1,
BEST 3,3,0.0,0.8061297946043112,0.8061297946043112,
BEST 30,30,0.0,0.44135494157592187,0.10861319671867381,
BEST 10,10,0.0,0.3697864554253658,0.254690552521173,
0.9,0,NaN,NaN,NaN,
FILTERED 10,10,0.0,0.24361852656291264,0.0,
