selection_strategy,checkers,ALL, HALF, 1,
BEST 3,3,0.7110890002569371,0.6671211037182484,0.6671211037182484,
BEST 30,30,0.0,0.5970973273604017,0.0994351399391415,
BEST 10,10,0.5498151684086614,0.6083542862814686,0.46649289133345645,
0.9,0,NaN,NaN,NaN,
FILTERED 10,10,0.0,0.6481043263059604,0.17552321082836472,
