algorithm,knowledge,#checkers,avg_time(ms),avg_F-Measure,#top10,#top50,#top100,avg_F-Measure_top10,avg_F-Measure_top50,avg_F-Measure_top100,#conf
SLIDING_SPS,SLIDING,36.0,147453.41666666666,0.5893147988798597,10.0,36.0,36.0,0.6353898602908098,0.5893147988798597,0.5893147988798597,8.0,
SLIDING_WEKA_ISOLATIONFOREST,SLIDING,6.0,65967.83333333333,0.5792720172049961,0.0,6.0,6.0,0.0,0.5792720172049961,0.5792720172049961,16.0,
