selection_strategy,checkers,ALL, HALF, 1,
BEST 3,3,0.6102219927723284,0.6113402061855671,0.6113402061855671,
FILTERED 10,9,0.17461746174617462,0.5701459034792368,0.5678798382437897,
