selection_strategy,checkers,ALL, HALF, 1,
BEST 3,3,0.6455834242093784,0.616994292961319,0.616994292961319,
FILTERED 10,10,0.033730158730158735,0.4977284199899041,0.5682806610611771,
