selection_strategy,checkers,ALL, HALF, 1,
BEST 3,3,0.8280423280423279,0.6219126029132362,0.6219126029132362,
FILTERED 10,10,0.18083462132921174,0.7139084507042253,0.5858164481525625,
