selection_strategy,checkers,ALL, HALF, 1,
BEST 3,3,0.3714803784245583,0.8120494705013748,0.8120494705013748,
BEST 30,30,0.23224151792302486,0.6951484498550419,0.6914377467478293,
BEST 10,10,0.28759496190229633,0.4161083896668575,0.699898875059375,
0.9,1,0.8389887024772713,0.8389887024772713,0.8389887024772713,
FILTERED 10,10,0.2565813661753872,0.8074570293644133,0.6914377467478293,
