selection_strategy,checkers,ALL, HALF, 1,
BEST 3,3,0.3211579869664679,0.6967791040469212,0.6967791040469212,
BEST 1,0,NaN,NaN,NaN,
BEST 30,20,0.0,0.006050553261324554,0.695618221942165,
BEST 10,10,0.0,0.3251059427532721,0.695618221942165,
0.9,0,NaN,NaN,NaN,
FILTERED 10,10,0.0,0.3163900432256997,0.6959224867115226,
