selection_strategy,checkers,ALL, HALF, 1,
BEST 3,3,0.3630150568665755,0.34181502648169637,0.34181502648169637,
BEST 30,13,0.007941462497382049,0.3415428419277787,0.1948164202679649,
BEST 10,10,0.22944592593786195,0.37567120399456727,0.20358397362492933,
0.9,0,NaN,NaN,NaN,
FILTERED 10,10,0.22944592593786195,0.37567120399456727,0.20358397362492933,
